PMID,Title,Authors,Citation,First Author,Journal/Book,Publication Year,Create Date,PMCID,NIHMS ID,DOI
"36322843","Single-Dose Psilocybin for a Treatment-Resistant Episode of Major Depression","Goodwin GM, Aaronson ST, Alvarez O, Arden PC, Baker A, Bennett JC, Bird C, Blom RE, Brennan C, Brusch D, Burke L, Campbell-Coker K, Carhart-Harris R, Cattell J, Daniel A, DeBattista C, Dunlop BW, Eisen K, Feifel D, Forbes M, Haumann HM, Hellerstein DJ, Hoppe AI, Husain MI, Jelen LA, Kamphuis J, Kawasaki J, Kelly JR, Key RE, Kishon R, Knatz Peck S, Knight G, Koolen MHB, Lean M, Licht RW, Maples-Keller JL, Mars J, Marwood L, McElhiney MC, Miller TL, Mirow A, Mistry S, Mletzko-Crowe T, Modlin LN, Nielsen RE, Nielson EM, Offerhaus SR, O'Keane V, Páleníček T, Printz D, Rademaker MC, van Reemst A, Reinholdt F, Repantis D, Rucker J, Rudow S, Ruffell S, Rush AJ, Schoevers RA, Seynaeve M, Shao S, Soares JC, Somers M, Stansfield SC, Sterling D, Strockis A, Tsai J, Visser L, Wahba M, Williams S, Young AH, Ywema P, Zisook S, Malievskaia E.","N Engl J Med. 2022 Nov 3;387(18):1637-1648. doi: 10.1056/NEJMoa2206443.","Goodwin GM","N Engl J Med","2022","2022/11/02","","","10.1056/NEJMoa2206443"
"37651119","Single-Dose Psilocybin Treatment for Major Depressive Disorder: A Randomized Clinical Trial","Raison CL, Sanacora G, Woolley J, Heinzerling K, Dunlop BW, Brown RT, Kakar R, Hassman M, Trivedi RP, Robison R, Gukasyan N, Nayak SM, Hu X, O'Donnell KC, Kelmendi B, Sloshower J, Penn AD, Bradley E, Kelly DF, Mletzko T, Nicholas CR, Hutson PR, Tarpley G, Utzinger M, Lenoch K, Warchol K, Gapasin T, Davis MC, Nelson-Douthit C, Wilson S, Brown C, Linton W, Ross S, Griffiths RR.","JAMA. 2023 Sep 5;330(9):843-853. doi: 10.1001/jama.2023.14530.","Raison CL","JAMA","2023","2023/08/31","PMC10472268","","10.1001/jama.2023.14530"
"38359838","Psilocybin-assisted psychotherapy for treatment resistant depression: A randomized clinical trial evaluating repeated doses of psilocybin","Rosenblat JD, Meshkat S, Doyle Z, Kaczmarek E, Brudner RM, Kratiuk K, Mansur RB, Schulz-Quach C, Sethi R, Abate A, Ali S, Bawks J, Blainey MG, Brietzke E, Cronin V, Danilewitz J, Dhawan S, Di Fonzo A, Di Fonzo M, Drzadzewski P, Dunlop W, Fiszter H, Gomes FA, Grewal S, Leon-Carlyle M, McCallum M, Mofidi N, Offman H, Riva-Cambrin J, Schmidt J, Smolkin M, Quinn JM, Zumrova A, Marlborough M, McIntyre RS.","Med. 2024 Mar 8;5(3):190-200.e5. doi: 10.1016/j.medj.2024.01.005. Epub 2024 Feb 14.","Rosenblat JD","Med","2024","2024/02/15","","","10.1016/j.medj.2024.01.005"
"35166158","Efficacy and safety of psilocybin-assisted treatment for major depressive disorder: Prospective 12-month follow-up","Gukasyan N, Davis AK, Barrett FS, Cosimano MP, Sepeda ND, Johnson MW, Griffiths RR.","J Psychopharmacol. 2022 Feb;36(2):151-158. doi: 10.1177/02698811211073759.","Gukasyan N","J Psychopharmacol","2022","2022/02/15","PMC8864328","","10.1177/02698811211073759"
"36740140","Single-dose psilocybin for a treatment-resistant episode of major depression: Impact on patient-reported depression severity, anxiety, function, and quality of life","Goodwin GM, Aaronson ST, Alvarez O, Atli M, Bennett JC, Croal M, DeBattista C, Dunlop BW, Feifel D, Hellerstein DJ, Husain MI, Kelly JR, Lennard-Jones MR, Licht RW, Marwood L, Mistry S, Páleníček T, Redjep O, Repantis D, Schoevers RA, Septimus B, Simmons HJ, Soares JC, Somers M, Stansfield SC, Stuart JR, Tadley HH, Thiara NK, Tsai J, Wahba M, Williams S, Winzer RI, Young AH, Young MB, Zisook S, Malievskaia E.","J Affect Disord. 2023 Apr 14;327:120-127. doi: 10.1016/j.jad.2023.01.108. Epub 2023 Feb 4.","Goodwin GM","J Affect Disord","2023","2023/02/05","","","10.1016/j.jad.2023.01.108"
"35411074","Increased global integration in the brain after psilocybin therapy for depression","Daws RE, Timmermann C, Giribaldi B, Sexton JD, Wall MB, Erritzoe D, Roseman L, Nutt D, Carhart-Harris R.","Nat Med. 2022 Apr;28(4):844-851. doi: 10.1038/s41591-022-01744-z. Epub 2022 Apr 11.","Daws RE","Nat Med","2022","2022/04/12","","","10.1038/s41591-022-01744-z"
"37443386","Psilocybin for treatment resistant depression in patients taking a concomitant SSRI medication","Goodwin GM, Croal M, Feifel D, Kelly JR, Marwood L, Mistry S, O'Keane V, Peck SK, Simmons H, Sisa C, Stansfield SC, Tsai J, Williams S, Malievskaia E.","Neuropsychopharmacology. 2023 Sep;48(10):1492-1499. doi: 10.1038/s41386-023-01648-7. Epub 2023 Jul 13.","Goodwin GM","Neuropsychopharmacology","2023","2023/07/14","PMC10425429","","10.1038/s41386-023-01648-7"
"39741440","Single-Dose Psilocybin for Depression With Severe Treatment Resistance: An Open-Label Trial","Aaronson ST, van der Vaart A, Miller T, LaPratt J, Swartz K, Shoultz A, Lauterbach M, Suppes T, Sackeim HA.","Am J Psychiatry. 2025 Jan 1;182(1):104-113. doi: 10.1176/appi.ajp.20231063.","Aaronson ST","Am J Psychiatry","2025","2025/01/01","","","10.1176/appi.ajp.20231063"
"36938991","Psilocybin-assisted therapy for major depressive disorder: An exploratory placebo-controlled, fixed-order trial","Sloshower J, Skosnik PD, Safi-Aghdam H, Pathania S, Syed S, Pittman B, D'Souza DC.","J Psychopharmacol. 2023 Jul;37(7):698-706. doi: 10.1177/02698811231154852. Epub 2023 Mar 20.","Sloshower J","J Psychopharmacol","2023","2023/03/20","","","10.1177/02698811231154852"
"34743319","Acute Effects of Psilocybin After Escitalopram or Placebo Pretreatment in a Randomized, Double-Blind, Placebo-Controlled, Crossover Study in Healthy Subjects","Becker AM, Holze F, Grandinetti T, Klaiber A, Toedtli VE, Kolaczynska KE, Duthaler U, Varghese N, Eckert A, Grünblatt E, Liechti ME.","Clin Pharmacol Ther. 2022 Apr;111(4):886-895. doi: 10.1002/cpt.2487. Epub 2021 Nov 22.","Becker AM","Clin Pharmacol Ther","2022","2021/11/07","PMC9299061","","10.1002/cpt.2487"
"39636638","Psilocybin Therapy for Clinicians With Symptoms of Depression From Frontline Care During the COVID-19 Pandemic: A Randomized Clinical Trial","Back AL, Freeman-Young TK, Morgan L, Sethi T, Baker KK, Myers S, McGregor BA, Harvey K, Tai M, Kollefrath A, Thomas BJ, Sorta D, Kaelen M, Kelmendi B, Gooley TA.","JAMA Netw Open. 2024 Dec 2;7(12):e2449026. doi: 10.1001/jamanetworkopen.2024.49026.","Back AL","JAMA Netw Open","2024","2024/12/05","PMC11621983","","10.1001/jamanetworkopen.2024.49026"
"35138714","[Psilocybin compared with escitalopram for depression]","Strous JFM.","Ned Tijdschr Geneeskd. 2022 Jan 17;166:D6318.","Strous JFM","Ned Tijdschr Geneeskd","2022","2022/02/09","","",""
"40972137","Psilocybin-assisted group psychotherapy and mindfulness-based stress reduction for frontline healthcare provider COVID-19-related depression and burnout: A randomized controlled trial","Lewis BR, Hendrick J, Byrne K, Odette M, Wu C, Garland EL.","PLoS Med. 2025 Sep 19;22(9):e1004519. doi: 10.1371/journal.pmed.1004519. eCollection 2025 Sep.","Lewis BR","PLoS Med","2025","2025/09/19","PMC12459851","","10.1371/journal.pmed.1004519"
"40258990","Rapid and sustained antidepressant effects of vaporized N,N-dimethyltryptamine: a phase 2a clinical trial in treatment-resistant depression","Falchi-Carvalho M, Palhano-Fontes F, Wießner I, Barros H, Bolcont R, Laborde S, Ruschi B Silva S, Montanini D, C Barbosa D, Teixeira E, Florence-Vilela R, Almeida R, K A de Macedo R, Arichelle F, J Pantrigo É, V Costa-Macedo J, da Cruz Nunes JA, de Araújo Costa Neto LA, Nunes Ferreira LF, Dantas Corrêa L, da Costa Bezerra RB, Arcoverde E, Galvão-Coelho N, B Araujo D.","Neuropsychopharmacology. 2025 May;50(6):895-903. doi: 10.1038/s41386-025-02091-6. Epub 2025 Apr 22.","Falchi-Carvalho M","Neuropsychopharmacology","2025","2025/04/21","PMC12032144","","10.1038/s41386-025-02091-6"
"40047545","Results From a Long-Term Observational Follow-Up Study of a Single Dose of Psilocybin for a Treatment-Resistant Episode of Major Depressive Disorder","Goodwin GM, Nowakowska A, Atli M, Dunlop BW, Feifel D, Hellerstein DJ, Marwood L, Shabir Z, Mistry S, Stansfield SC, Teoh E, Tsai J, Young MB, Malievskaia E.","J Clin Psychiatry. 2025 Mar 3;86(1):24m15449. doi: 10.4088/JCP.24m15449.","Goodwin GM","J Clin Psychiatry","2025","2025/03/06","","","10.4088/JCP.24m15449"
"40883964","Investigating the safety and tolerability of single-dose psilocybin for post-traumatic stress disorder: A nonrandomized open-label clinical trial","McGowan NM, Rucker JJ, Yehuda R, Agrawal M, Modlin NL, Simmons H, Tofil-Kaluza A, Das S, Goodwin GM.","J Psychopharmacol. 2026 Jan;40(1):139-148. doi: 10.1177/02698811251362390. Epub 2025 Aug 29.","McGowan NM","J Psychopharmacol","2026","2025/08/30","PMC13198616","","10.1177/02698811251362390"
"41099491","A novel psychedelic 5-HT(2A) receptor agonist GM-2505: The pharmacokinetic, safety, and pharmacodynamic profile from a randomized trial healthy volunteer","Marek GJ, Makai-Bölöni S, Umbricht D, Christian EP, Winters J, Dvorak D, Raines S, Hughes ZA, Austin EW, Klein AK, Leong W, Krol FJ, Graaf AJV, Juachon MJ, Otto ME, Borghans LGJM, Jacobs G, Kruegel AC, Sporn J.","J Psychopharmacol. 2026 Jan;40(1):166-178. doi: 10.1177/02698811251378512. Epub 2025 Oct 16.","Marek GJ","J Psychopharmacol","2026","2025/10/16","PMC13198617","","10.1177/02698811251378512"
"31543078","The psychedelic renaissance: the next trip for psychiatry?","Kelly JR, Baker A, Babiker M, Burke L, Brennan C, O'Keane V.","Ir J Psychol Med. 2022 Dec;39(4):335-339. doi: 10.1017/ipm.2019.39. Epub 2019 Sep 23.","Kelly JR","Ir J Psychol Med","2022","2019/09/24","","","10.1017/ipm.2019.39"
"39706482","The role of the psychedelic experience in psilocybin treatment for treatment-resistant depression","Goodwin GM, Aaronson ST, Alvarez O, Carhart-Harris R, Chai-Rees J, Croal M, DeBattista C, Dunlop BW, Feifel D, Hellerstein DJ, Husain MI, Kelly JR, Kirlic N, Licht RW, Marwood L, Meyer TD, Mistry S, Nowakowska A, Páleníček T, Repantis D, Schoevers RA, Simmons H, Somers M, Teoh E, Tsai J, Wahba M, Williams S, Young AH, Young MB, Zisook S, Malievskaia E.","J Affect Disord. 2025 Mar 1;372:523-532. doi: 10.1016/j.jad.2024.12.061. Epub 2024 Dec 18.","Goodwin GM","J Affect Disord","2025","2024/12/20","","","10.1016/j.jad.2024.12.061"
"39135496","Psilocybin for clinical indications: A scoping review","Madden K, Flood B, Young Shing D, Ade-Conde M, Kashir I, Mark M, MacKillop J, Bhandari M, Adili A.","J Psychopharmacol. 2024 Oct;38(10):839-845. doi: 10.1177/02698811241269751. Epub 2024 Aug 13.","Madden K","J Psychopharmacol","2024","2024/08/13","PMC11481402","","10.1177/02698811241269751"
"40129307","Comparing Antidepressant Effects of Psilocybin-Assisted Psychotherapy in Individuals That Were Unmedicated at Initial Screening Versus Individuals Discontinuing Medications for Study Participation: Comparaison des effets antidépresseurs de la psychothérapie assistée par la psilocybine (PAP) chez les personnes non médicamentées à la sélection initiale et les personnes ayant arrêté les médicaments pour participer à l'étude","Chisamore N, Kaczmarek ES, Doyle Z, Johnson DE, Weiglein G, Meshkat S, Brudner RM, Blainey MG, Riva-Cambrin J, McIntyre RS, Rosenblat JD.","Can J Psychiatry. 2025 Oct;70(10):759-767. doi: 10.1177/07067437251328316. Epub 2025 Mar 25.","Chisamore N","Can J Psychiatry","2025","2025/03/25","PMC11948223","","10.1177/07067437251328316"
"41848690","Efficacy and Safety of Psilocybin in Treatment-Resistant Major Depression: The EPISODE Randomized Clinical Trial","Mertens LJ, Koslowski M, Betzler F, Brand M, Evens R, Kärtner L, Jungaberle A, Jungaberle H, Majic T, Schmitz CN, Ströhle A, Scharf D, Spangemacher M, Wolff M, Assadi Z, Bahri S, Becher L, Färber LV, Kirchen N, Kulakova E, Kunz L, Meijer A, Rohrmoser B, Wellek S, Berger MM, Gründer G.","JAMA Psychiatry. 2026 May 1;83(5):448-460. doi: 10.1001/jamapsychiatry.2026.0132.","Mertens LJ","JAMA Psychiatry","2026","2026/03/18","PMC13000742","","10.1001/jamapsychiatry.2026.0132"
"40618640","Single-dose (10 mg) psilocybin reduces symptoms in adults with obsessive-compulsive disorder: A pharmacological challenge study","Pellegrini L, Fineberg NA, O'Connor S, De Souza AMFLP, Godfrey K, Reed S, Peill J, Healy M, Rohani-Shukla C, Lee H, Carhart-Harris R, Robbins TW, Nutt D, Erritzoe D.","Compr Psychiatry. 2025 Oct;142:152619. doi: 10.1016/j.comppsych.2025.152619. Epub 2025 Jul 1.","Pellegrini L","Compr Psychiatry","2025","2025/07/06","","","10.1016/j.comppsych.2025.152619"
"42138922","Short-Term and Late-Term Effects of Psilocybin on Symptoms in Major Depression: A Randomized Clinical Trial","Yngwe H, Plavén-Sigray P, Ekman CJ, Henje E, Berglund A, Tiger M, Beckman M, Lundberg J.","JAMA Netw Open. 2026 May 1;9(5):e2612589. doi: 10.1001/jamanetworkopen.2026.12589.","Yngwe H","JAMA Netw Open","2026","2026/05/15","PMC13179547","","10.1001/jamanetworkopen.2026.12589"
"38520045","Effects of discontinuation of serotonergic antidepressants prior to psilocybin therapy versus escitalopram for major depression","Erritzoe D, Barba T, Spriggs MJ, Rosas FE, Nutt DJ, Carhart-Harris R.","J Psychopharmacol. 2024 May;38(5):458-470. doi: 10.1177/02698811241237870. Epub 2024 Mar 22.","Erritzoe D","J Psychopharmacol","2024","2024/03/23","PMC11102650","","10.1177/02698811241237870"
"39427449","The impact of antidepressant discontinuation prior to treatment with psilocybin for treatment-resistant depression","Marwood L, Croal M, Mistry S, Simmons H, Tsai J, Young MB, Goodwin GM.","J Psychiatr Res. 2024 Dec;180:198-203. doi: 10.1016/j.jpsychires.2024.10.009. Epub 2024 Oct 11.","Marwood L","J Psychiatr Res","2024","2024/10/20","","","10.1016/j.jpsychires.2024.10.009"
"38605658","Psychedelics and the 'inner healer': Myth or mechanism?","Peill J, Marguilho M, Erritzoe D, Barba T, Greenway KT, Rosas F, Timmermann C, Carhart-Harris R.","J Psychopharmacol. 2024 May;38(5):417-424. doi: 10.1177/02698811241239206. Epub 2024 Apr 12.","Peill J","J Psychopharmacol","2024","2024/04/12","PMC11102647","","10.1177/02698811241239206"
"41881122","The role of therapeutic alliance in psilocybin treatment for treatment-resistant depression: A post hoc path analysis","Goodwin GM, Aaronson ST, Alvarez O, Carhart-Harris R, Croal M, Feifel D, Hellerstein DJ, Husain MI, Kelly JR, Kirlic N, Licht RW, Marwood L, Nowakowska A, Páleníček T, Repantis D, Schoevers RA, Simmons H, Soares JC, Somers M, Tsai J, Wahba M, Williams E, Young AH, Young MB, Zisook S, Malievskaia E.","J Affect Disord. 2026 Aug 1;406:121662. doi: 10.1016/j.jad.2026.121662. Epub 2026 Mar 23.","Goodwin GM","J Affect Disord","2026","2026/03/25","","","10.1016/j.jad.2026.121662"
"40281226","Dissociable effects of psilocybin and escitalopram for depression on processing of musical surprises","Harding R, Singer N, Wall MB, Hendler T, Erritzoe D, Nutt D, Carhart-Harris R, Roseman L.","Mol Psychiatry. 2025 Jul;30(7):3188-3196. doi: 10.1038/s41380-025-03035-8. Epub 2025 Apr 26.","Harding R","Mol Psychiatry","2025","2025/04/25","PMC12185350","","10.1038/s41380-025-03035-8"
"40413068","[Psilocybin in the setting of treatment-resistant unipolar depression: A case report]","Dumenil M, Cordova G, El-Hage W.","Encephale. 2025 Dec;51(6):691-694. doi: 10.1016/j.encep.2025.02.007. Epub 2025 May 23.","Dumenil M","Encephale","2025","2025/05/24","","","10.1016/j.encep.2025.02.007"
"40007438","Acute psilocybin and ketanserin effects on cerebral blood flow: 5-HT2AR neuromodulation in healthy humans","Larsen K, Lindberg U, Ozenne B, McCulloch DE, Armand S, Madsen MK, Johansen A, Stenbæk DS, Knudsen GM, Fisher PM.","J Cereb Blood Flow Metab. 2025 Jul;45(7):1385-1401. doi: 10.1177/0271678X251323364. Epub 2025 Feb 26.","Larsen K","J Cereb Blood Flow Metab","2025","2025/02/26","PMC11863199","","10.1177/0271678X251323364"
"36781142","Unblinding and demand characteristics in the treatment of depression","Goodwin GM, Croal M, Marwood L, Malievskaia E.","J Affect Disord. 2023 May 1;328:1-5. doi: 10.1016/j.jad.2023.02.030. Epub 2023 Feb 11.","Goodwin GM","J Affect Disord","2023","2023/02/13","","","10.1016/j.jad.2023.02.030"
"41707717","Psilocybin-assisted cognitive behavioral therapy for major depressive disorder: A pilot trial","Weintraub MJ, Jeffrey JK, Ichinose MC, Bergman RL, Shapiro B, Barnett G, Artin H, Lynn M, Salimian A, Grody S, Ramesh R, Eales L, Grob CS, Miklowitz DJ.","J Affect Disord. 2026 Jun 15;403:121423. doi: 10.1016/j.jad.2026.121423. Epub 2026 Feb 16.","Weintraub MJ","J Affect Disord","2026","2026/02/18","PMC13138500","NIHMS2166479","10.1016/j.jad.2026.121423"
"34855694","Psychedelic medicines for mood disorders: current evidence and clinical considerations","Sarris J, Pinzon Rubiano D, Day K, Galvão-Coelho NL, Perkins D.","Curr Opin Psychiatry. 2022 Jan 1;35(1):22-29. doi: 10.1097/YCO.0000000000000759.","Sarris J","Curr Opin Psychiatry","2022","2021/12/02","","","10.1097/YCO.0000000000000759"
"41690631","Examining the effects of psilocybin-assisted psychotherapy on anhedonia in treatment-resistant depression","Kaczmarek ES, Rodrigues NB, Chisamore N, Doyle Z, Meshkat S, Blainey MG, Brudner R, Ali S, Teopiz KM, McIntyre RS, Rosenblat JD.","J Affect Disord. 2026 Jun 15;403:121385. doi: 10.1016/j.jad.2026.121385. Epub 2026 Feb 12.","Kaczmarek ES","J Affect Disord","2026","2026/02/14","","","10.1016/j.jad.2026.121385"
"41285295","Cognitive outcomes following psilocybin-assisted therapy in treatment-resistant depression: A post-hoc analysis of a randomized, waitlist-controlled trial","Johnson DE, Meshkat S, Kaczmarek ES, Rabin JS, Brudner RM, Chisamore N, Doyle Z, Bawks J, Riva-Cambrin J, Mansur RB, Lipsitz O, McIntyre RS, Lanctôt KL, Rosenblat JD.","Prog Neuropsychopharmacol Biol Psychiatry. 2025 Dec 20;143:111565. doi: 10.1016/j.pnpbp.2025.111565. Epub 2025 Nov 22.","Johnson DE","Prog Neuropsychopharmacol Biol Psychiatry","2025","2025/11/24","","","10.1016/j.pnpbp.2025.111565"
"37334486","Psychedelic medicines for end-of-life care: Pipeline clinical trial review 2022","Jing X, Hoeh NR, Menkes DB.","Palliat Support Care. 2023 Aug;21(4):697-704. doi: 10.1017/S147895152300069X.","Jing X","Palliat Support Care","2023","2023/06/19","","","10.1017/S147895152300069X"
"39695323","Psilocybin increases emotional empathy in patients with major depression","Jungwirth J, von Rotz R, Dziobek I, Vollenweider FX, Preller KH.","Mol Psychiatry. 2025 Jun;30(6):2665-2672. doi: 10.1038/s41380-024-02875-0. Epub 2024 Dec 18.","Jungwirth J","Mol Psychiatry","2025","2024/12/18","PMC12092279","","10.1038/s41380-024-02875-0"
"40858059","Psilocybin-assisted psychotherapy for depression and anxiety associated with life threatening illness: A phase 2b randomized controlled trial","Ross ML, Iyer R, Williams ML, Boughey M, O'Callaghan C, Hiscock R, Dwyer J.","Gen Hosp Psychiatry. 2025 Sep-Oct;96:322-331. doi: 10.1016/j.genhosppsych.2025.08.001. Epub 2025 Aug 12.","Ross ML","Gen Hosp Psychiatry","2025","2025/08/26","","","10.1016/j.genhosppsych.2025.08.001"
"37817501","Potential use of psilocybin drugs in the treatment of depression","Śladowska K, Kawalec P, Brzostek T, Pilc A.","Expert Opin Emerg Drugs. 2023 Dec;28(4):241-256. doi: 10.1080/14728214.2023.2264180. Epub 2023 Dec 26.","Śladowska K","Expert Opin Emerg Drugs","2023","2023/10/11","","","10.1080/14728214.2023.2264180"
"40518804","Long-term benefits of single-dose psilocybin in depressed patients with cancer","Agrawal M, Roddy K, Jenkins B, Leeks C, Emanuel E.","Cancer. 2025 Jun 15;131(12):e35889. doi: 10.1002/cncr.35889.","Agrawal M","Cancer","2025","2025/06/16","","","10.1002/cncr.35889"
"36635883","Psychedelics for Patients With Cancer: A Comprehensive Literature Review","White CM, Weisman N, Dalo J.","Ann Pharmacother. 2023 Sep;57(9):1062-1075. doi: 10.1177/10600280221144055. Epub 2023 Jan 12.","White CM","Ann Pharmacother","2023","2023/01/13","","","10.1177/10600280221144055"
"41283278","Psilocybin and Chronic Pain: A New Perspective for Future Pain Therapists?","Natoli S, Cuomo A, Marchesini M, Luongo L, Lo Bianco G, Guardamagna VA, Yamaguchi S.","Med Sci (Basel). 2025 Nov 20;13(4):277. doi: 10.3390/medsci13040277.","Natoli S","Med Sci (Basel)","2025","2025/11/24","PMC12641700","","10.3390/medsci13040277"
"39980217","Narrative review of the potential for psychedelics to treat Prolonged Grief Disorder","Ehrenkranz R, Agrawal M, Penberthy JK, Yaden DB.","Int Rev Psychiatry. 2024 Dec;36(8):879-890. doi: 10.1080/09540261.2024.2357668. Epub 2024 May 23.","Ehrenkranz R","Int Rev Psychiatry","2024","2025/02/21","","","10.1080/09540261.2024.2357668"
"39628414","Psilocybin as a Disease-Modifying Drug—A Salutogenic Approach in Psychiatry","Spangemacher M, Mertens LJ, Färber LV, Jungaberle A, Jungaberle H, Gründer G.","Dtsch Arztebl Int. 2024 Dec 27;121(26):868-874. doi: 10.3238/arztebl.m2024.0224.","Spangemacher M","Dtsch Arztebl Int","2024","2024/12/04","PMC12104993","","10.3238/arztebl.m2024.0224"
"41257994","Negative affective bias in depression following treatment with psilocybin or escitalopram - a secondary analysis from a randomized trial","Martens MAG, Cunha BG, Erritzoe D, Nutt D, Carhart-Harris R, Harmer CJ.","Transl Psychiatry. 2025 Nov 13;15(1):502. doi: 10.1038/s41398-025-03693-w.","Martens MAG","Transl Psychiatry","2025","2025/11/19","PMC12644704","","10.1038/s41398-025-03693-w"
"37227597","New Pharmacologic Approaches to the Treatment of Bipolar Depression","Keramatian K, Chakrabarty T, DuBow A, Saraf G, Yatham LN.","Drugs. 2023 Jul;83(10):843-863. doi: 10.1007/s40265-023-01872-x. Epub 2023 May 25.","Keramatian K","Drugs","2023","2023/05/25","","","10.1007/s40265-023-01872-x"
"40329640","Reduced Brain Responsiveness to Emotional Stimuli With Escitalopram But Not Psilocybin Therapy for Depression","Wall MB, Demetriou L, Giribaldi B, Roseman L, Ertl N, Erritzoe D, Nutt DJ, Carhart-Harris RL.","Am J Psychiatry. 2025 Jun 1;182(6):569-582. doi: 10.1176/appi.ajp.20230751. Epub 2025 May 7.","Wall MB","Am J Psychiatry","2025","2025/05/07","","","10.1176/appi.ajp.20230751"
"38316896","Patient perspectives and experiences with psilocybin treatment for treatment-resistant depression: a qualitative study","Breeksema JJ, Niemeijer A, Krediet E, Karsten T, Kamphuis J, Vermetten E, van den Brink W, Schoevers R.","Sci Rep. 2024 Feb 5;14(1):2929. doi: 10.1038/s41598-024-53188-9.","Breeksema JJ","Sci Rep","2024","2024/02/05","PMC10844281","","10.1038/s41598-024-53188-9"
"37606733","Psilocybin therapy for treatment resistant depression: prediction of clinical outcome by natural language processing","Dougherty RF, Clarke P, Atli M, Kuc J, Schlosser D, Dunlop BW, Hellerstein DJ, Aaronson ST, Zisook S, Young AH, Carhart-Harris R, Goodwin GM, Ryslik GA.","Psychopharmacology (Berl). 2025 Jul;242(7):1553-1561. doi: 10.1007/s00213-023-06432-5. Epub 2023 Aug 22.","Dougherty RF","Psychopharmacology (Berl)","2025","2023/08/22","PMC12226623","","10.1007/s00213-023-06432-5"
"40554997","The effects of psilocybin therapy versus escitalopram on cognitive bias: A secondary analysis of a randomized controlled trial","Henry J, Giribaldi B, Nutt DJ, Erritzoe D, Carhart-Harris R, Lyons T.","Eur Neuropsychopharmacol. 2025 Aug;97:51-60. doi: 10.1016/j.euroneuro.2025.06.003. Epub 2025 Jun 23.","Henry J","Eur Neuropsychopharmacol","2025","2025/06/24","","","10.1016/j.euroneuro.2025.06.003"
"38105655","Psilocybin-assisted group therapy in patients with cancer diagnosed with a major depressive disorder","Agrawal M, Richards W, Beaussant Y, Shnayder S, Ameli R, Roddy K, Stevens N, Richards B, Schor N, Honstein H, Jenkins B, Bates M, Thambi P.","Cancer. 2024 Apr 1;130(7):1137-1146. doi: 10.1002/cncr.35010. Epub 2023 Dec 18.","Agrawal M","Cancer","2024","2023/12/18","","","10.1002/cncr.35010"
"39741437","Psilocybin: From Psychiatric Pariah to Perceived Panacea","Fonzo GA, Wolfgang AS, Barksdale BR, Krystal JH, Carpenter LL, Kraguljac NV, Grzenda A, McDonald WM, Widge AS, Rodriguez CI, Nemeroff CB.","Am J Psychiatry. 2025 Jan 1;182(1):54-78. doi: 10.1176/appi.ajp.20230682.","Fonzo GA","Am J Psychiatry","2025","2025/01/01","PMC11694823","NIHMS1987831","10.1176/appi.ajp.20230682"
"42192100","Epigenome-wide association study of psilocybin-induced methylome changes in alcohol use disorder","Urban MM, Zillich L, Rieser NM, Herdener M, Spanagel R, Vollenweider FX, Preller KH, Meinhardt MW.","Transl Psychiatry. 2026 May 26;16(1):283. doi: 10.1038/s41398-026-03961-3.","Urban MM","Transl Psychiatry","2026","2026/05/26","PMC13212986","","10.1038/s41398-026-03961-3"
"42138588","Efficacy and Safety of a Single Dose of Psilocybin for Chronic Suicidal Ideation: An Open-Label Trial","van der Vaart A, LaPratt J, Swartz K, Shoultz A, Lauterbach M, Suppes T, Sackeim HA, Aaronson ST.","J Clin Psychiatry. 2026 May 13;87(2):26m16338. doi: 10.4088/JCP.26m16338.","van der Vaart A","J Clin Psychiatry","2026","2026/05/15","","","10.4088/JCP.26m16338"
"37392016","Sub-acute effects of psilocybin on EEG correlates of neural plasticity in major depression: Relationship to symptoms","Skosnik PD, Sloshower J, Safi-Aghdam H, Pathania S, Syed S, Pittman B, D'Souza DC.","J Psychopharmacol. 2023 Jul;37(7):687-697. doi: 10.1177/02698811231179800. Epub 2023 Jun 30.","Skosnik PD","J Psychopharmacol","2023","2023/07/01","","","10.1177/02698811231179800"
"34915762","Psilocybin microdosing does not affect emotion-related symptoms and processing: A preregistered field and lab-based study","Marschall J, Fejer G, Lempe P, Prochazkova L, Kuchar M, Hajkova K, van Elk M.","J Psychopharmacol. 2022 Jan;36(1):97-113. doi: 10.1177/02698811211050556. Epub 2021 Dec 17.","Marschall J","J Psychopharmacol","2022","2021/12/17","PMC8801668","","10.1177/02698811211050556"
"40781763","Psychedelic-Assisted Therapy: Potential Benefits and Challenges in Mental Health Treatment","Silczuk A, Madejek RJ, Koweszko T, Mularczyk-Tomczewska P, Adamska E, Gujski M, Szulc A.","Med Sci Monit. 2025 Aug 9;31:e948302. doi: 10.12659/MSM.948302.","Silczuk A","Med Sci Monit","2025","2025/08/09","PMC12352260","","10.12659/MSM.948302"
"40474592","Classic Psychedelics in Pain Modulation: Mechanisms, Clinical Evidence, and Future Perspectives","Czopek A, Jończyk J, Fryc M, Kluzik D, Zagórska A.","ACS Chem Neurosci. 2025 Jun 18;16(12):2163-2177. doi: 10.1021/acschemneuro.5c00152. Epub 2025 Jun 6.","Czopek A","ACS Chem Neurosci","2025","2025/06/06","PMC12183689","","10.1021/acschemneuro.5c00152"
"38518266","Psychedelic Therapy: A Primer for Primary Care Clinicians-Historical Perspective and Overview","Tabaac BJ, Shinozuka K, Arenas A, Beutler BD, Cherian K, Evans VD, Fasano C, Muir OS.","Am J Ther. 2024 Mar-Apr 01;31(2):e97-e103. doi: 10.1097/MJT.0000000000001727.","Tabaac BJ","Am J Ther","2024","2024/03/22","","","10.1097/MJT.0000000000001727"
"39741439","Benefits and Challenges of Ultra-Fast, Short-Acting Psychedelics in the Treatment of Depression","Ramaekers JG, Reckweg JT, Mason NL.","Am J Psychiatry. 2025 Jan 1;182(1):33-46. doi: 10.1176/appi.ajp.20230890.","Ramaekers JG","Am J Psychiatry","2025","2025/01/01","","","10.1176/appi.ajp.20230890"
"39302087","Naturalistic psychedelic therapy: The role of relaxation and subjective drug effects in antidepressant response","Calder AE, Rausch B, Liechti ME, Holze F, Hasler G.","J Psychopharmacol. 2024 Oct;38(10):873-886. doi: 10.1177/02698811241278873. Epub 2024 Sep 20.","Calder AE","J Psychopharmacol","2024","2024/09/20","PMC11487903","","10.1177/02698811241278873"
"35426754","Safety issues of psilocybin and LSD as potential rapid acting antidepressants and potential challenges","Rossi GN, Hallak JEC, Bouso Saiz JC, Dos Santos RG.","Expert Opin Drug Saf. 2022 Jun;21(6):761-776. doi: 10.1080/14740338.2022.2066650. Epub 2022 Apr 27.","Rossi GN","Expert Opin Drug Saf","2022","2022/04/15","","","10.1080/14740338.2022.2066650"
"34852736","Psychedelics and Hallucinogens in Psychiatry: Finding New Pharmacological Targets","Sousa TR, Rema J, Machado S, Novais F.","Curr Top Med Chem. 2022;22(15):1250-1260. doi: 10.2174/1568026621666211201145800.","Sousa TR","Curr Top Med Chem","2022","2021/12/02","","","10.2174/1568026621666211201145800"
"40230191","From Efficacy to Effectiveness: Evaluating Psychedelic Randomized Controlled Trials for Trustworthy Evidence-Based Policy and Practice","Schenberg EE.","Pharmacol Res Perspect. 2025 Apr;13(2):e70097. doi: 10.1002/prp2.70097.","Schenberg EE","Pharmacol Res Perspect","2025","2025/04/15","PMC11997373","","10.1002/prp2.70097"
"39741446","Multidimensional Personality Changes Following Psilocybin-Assisted Therapy in Patients With Alcohol Use Disorder: Results From a Double-Blind, Placebo-Controlled Clinical Trial","Pagni BA, Zeifman RJ, Mennenga SE, Carrithers BM, Goldway N, Bhatt S, O'Donnell KC, Ross S, Bogenschutz MP.","Am J Psychiatry. 2025 Jan 1;182(1):114-125. doi: 10.1176/appi.ajp.20230887.","Pagni BA","Am J Psychiatry","2025","2025/01/01","","","10.1176/appi.ajp.20230887"
"40937732","Concomitant use of antidepressants and classic psychedelics: A scoping review","Tap SC, Thomas K, Páleníček T, Stenbæk DS, Oliveira-Maia AJ, van Dalfsen JH, Schoevers RA.","J Psychopharmacol. 2025 Oct;39(10):1072-1088. doi: 10.1177/02698811251368360. Epub 2025 Sep 12.","Tap SC","J Psychopharmacol","2025","2025/09/12","PMC12572353","","10.1177/02698811251368360"
"39675677","Psychedelic use and bipolar disorder - An investigation of recreational use and its impact on mental health","Meyer TD, Ibrahim M, Vale LN, Soares JC.","J Affect Disord. 2025 Mar 15;373:505-511. doi: 10.1016/j.jad.2024.12.044. Epub 2024 Dec 13.","Meyer TD","J Affect Disord","2025","2024/12/15","","","10.1016/j.jad.2024.12.044"
"42442821","Acceptability and safety of two sequential doses of psilocybin in bipolar II depression: protocol for an open-label single-arm feasibility study","Meyer TD, Vale LN, Ibrahim M, Olmos C, Quevedo J, Soares JC.","BMJ Open. 2026 Jul 13;16(7):e118471. doi: 10.1136/bmjopen-2026-118471.","Meyer TD","BMJ Open","2026","2026/07/13","PMC13365764","","10.1136/bmjopen-2026-118471"
"41952163","Evaluation of a facilitator training program in a randomized controlled trial of psilocybin treatment for depression","Morel NS, Stenbaek DS, Lundberg J, Beckman M.","BMC Med Educ. 2026 Apr 9;26(1):635. doi: 10.1186/s12909-026-09124-8.","Morel NS","BMC Med Educ","2026","2026/04/09","PMC13091270","","10.1186/s12909-026-09124-8"
"37004409","Pilot study of single-dose psilocybin for serotonin reuptake inhibitor-resistant body dysmorphic disorder","Schneier FR, Feusner J, Wheaton MG, Gomez GJ, Cornejo G, Naraindas AM, Hellerstein DJ.","J Psychiatr Res. 2023 May;161:364-370. doi: 10.1016/j.jpsychires.2023.03.031. Epub 2023 Mar 28.","Schneier FR","J Psychiatr Res","2023","2023/04/02","PMC10967229","NIHMS1962758","10.1016/j.jpsychires.2023.03.031"
"37689275","Psilocybin induces acute and persisting alterations in immune status in healthy volunteers: An experimental, placebo-controlled study","Mason NL, Szabo A, Kuypers KPC, Mallaroni PA, de la Torre Fornell R, Reckweg JT, Tse DHY, Hutten NRPW, Feilding A, Ramaekers JG.","Brain Behav Immun. 2023 Nov;114:299-310. doi: 10.1016/j.bbi.2023.09.004. Epub 2023 Sep 7.","Mason NL","Brain Behav Immun","2023","2023/09/09","","","10.1016/j.bbi.2023.09.004"
"40528492","The Music for Subanesthetic Infusions of Ketamine randomised clinical trial: ketamine as a psychedelic treatment for highly refractory depression","Greenway KT, Garel N, Dinh-Williams LL, Thibault Lévesque J, Kaelen M, Dagenais-Beaulé V, de la Salle S, Erritzoe D, Looper K, Turecki G, Rej S, Richard-Devantoy S.","Br J Psychiatry. 2026 May;228(5):437-445. doi: 10.1192/bjp.2025.102. Epub 2025 Jun 18.","Greenway KT","Br J Psychiatry","2026","2025/06/18","","","10.1192/bjp.2025.102"
"39343309","Single-dose psilocybin for U.S. military Veterans with severe treatment-resistant depression - A first-in-kind open-label pilot study","Ellis S, Bostian C, Feng W, Fischer E, Schwartz G, Eisen K, Lean M, Conlan E, Ostacher M, Aaronson S, Suppes T.","J Affect Disord. 2025 Jan 15;369:381-389. doi: 10.1016/j.jad.2024.09.133. Epub 2024 Sep 27.","Ellis S","J Affect Disord","2025","2024/09/29","","","10.1016/j.jad.2024.09.133"
"41830808","Psychedelics for treatment of negative symptoms and depressive symptoms in schizophrenia spectrum disorder: A narrative review","Sabé M, Grof P, Sackett NB, Tai S, Kryskow P, Bershad A, Turkington D, Buonarroti M, De Pieri M, Baniotopoulos P, Eskinazi M, Böge K, Leucht S, Seragnoli F, Furtado L, Brakha TA, Curtis L, Kirschner M, Kaiser S, Penzenstadler L, Zullino D, Højlund M, Gallo J, Solmi M, Sapienza J, Bosia M, La Torre J.","Schizophr Res. 2026 Jun;292:69-78. doi: 10.1016/j.schres.2026.03.003. Epub 2026 Mar 13.","Sabé M","Schizophr Res","2026","2026/03/14","","","10.1016/j.schres.2026.03.003"
"42068187","Effects of psychedelic use on authoritarian attitudes revisited","Simonsson O, Lyons T, Marks J, Kettner H, Roseman L, Haijen E, Kaelen M, Carhart-Harris R.","J Psychopharmacol. 2026 May;40(5):801-805. doi: 10.1177/02698811261443677. Epub 2026 May 2.","Simonsson O","J Psychopharmacol","2026","2026/05/02","PMC13310294","","10.1177/02698811261443677"
"38279085","Psilocybin-assisted therapy for severe alcohol use disorder: protocol for a double-blind, randomized, placebo-controlled, 7-month parallel-group phase II superiority trial","Vanderijst L, Hever F, Buot A, Dauré C, Benoit J, Hanak C, Veeser J, Morgiève M, Campanella S, Kornreich C, Mallet L, Leys C, Noël X.","BMC Psychiatry. 2024 Jan 26;24(1):77. doi: 10.1186/s12888-024-05502-y.","Vanderijst L","BMC Psychiatry","2024","2024/01/26","PMC10821548","","10.1186/s12888-024-05502-y"
"39973494","Psilocybin-assisted psychotherapy for Parkinson's disease without depression: A case-report","Fleury V, Tomkova E, Catalano Chiuvé S, Penzenstadler L.","J Parkinsons Dis. 2025 Mar;15(2):440-444. doi: 10.1177/1877718X241312604. Epub 2025 Feb 2.","Fleury V","J Parkinsons Dis","2025","2025/02/20","PMC13347438","","10.1177/1877718X241312604"
"41418682","Stepping back into life: How Psychedelic Assisted Psychotherapy transforms the way of life of the terminally ill","Dwyer J, Johnston RB, O'Callaghan C, Ross M.","Gen Hosp Psychiatry. 2026 Jan-Feb;98:86-96. doi: 10.1016/j.genhosppsych.2025.12.002. Epub 2025 Dec 10.","Dwyer J","Gen Hosp Psychiatry","2026","2025/12/19","","","10.1016/j.genhosppsych.2025.12.002"
"38632313","Psychological flexibility as a mechanism of change in psilocybin-assisted therapy for major depression: results from an exploratory placebo-controlled trial","Sloshower J, Zeifman RJ, Guss J, Krause R, Safi-Aghdam H, Pathania S, Pittman B, D'Souza DC.","Sci Rep. 2024 Apr 17;14(1):8833. doi: 10.1038/s41598-024-58318-x.","Sloshower J","Sci Rep","2024","2024/04/17","PMC11024097","","10.1038/s41598-024-58318-x"
"37264814","Personality change in a trial of psilocybin therapy v. escitalopram treatment for depression","Weiss B, Ginige I, Shannon L, Giribaldi B, Murphy-Beiner A, Murphy R, Baker-Jones M, Martell J, Nutt DJ, Carhart-Harris RL, Erritzoe D.","Psychol Med. 2024 Jan;54(1):178-192. doi: 10.1017/S0033291723001514. Epub 2023 Jun 2.","Weiss B","Psychol Med","2024","2023/06/02","PMC10692311","NIHMS1932967","10.1017/S0033291723001514"
"38956594","Engaging Mood Brain Circuits with Psilocybin (EMBRACE): a study protocol for a randomized, placebo-controlled and delayed-start, neuroimaging trial in depression","Poulin JM, Bigford GE, Lanctôt KL, Giacobbe P, Schaffer A, Sinyor M, Rabin JS, Masellis M, Singnurkar A, Pople CB, Lipsman N, Husain MI, Rosenblat JD, Cao X, MacIntosh BJ, Nestor SM.","Trials. 2024 Jul 3;25(1):441. doi: 10.1186/s13063-024-08268-6.","Poulin JM","Trials","2024","2024/07/03","PMC11221029","","10.1186/s13063-024-08268-6"
"38773523","Effect of MDMA-assisted therapy on mood and anxiety symptoms in advanced-stage cancer (EMMAC): study protocol for a double-blind, randomised controlled trial","Bhagavan C, Glue P, Evans W, Reynolds L, Turner T, King C, Russell BR, Morunga E, Mills JL, Layton G, Menkes DB.","Trials. 2024 May 21;25(1):336. doi: 10.1186/s13063-024-08174-x.","Bhagavan C","Trials","2024","2024/05/21","PMC11110200","","10.1186/s13063-024-08174-x"
"35217796","Direct comparison of the acute effects of lysergic acid diethylamide and psilocybin in a double-blind placebo-controlled study in healthy subjects","Holze F, Ley L, Müller F, Becker AM, Straumann I, Vizeli P, Kuehne SS, Roder MA, Duthaler U, Kolaczynska KE, Varghese N, Eckert A, Liechti ME.","Neuropsychopharmacology. 2022 May;47(6):1180-1187. doi: 10.1038/s41386-022-01297-2. Epub 2022 Feb 25.","Holze F","Neuropsychopharmacology","2022","2022/02/26","PMC9018810","","10.1038/s41386-022-01297-2"
"41546846","Safety and Efficacy of Monoamine Oxidase Inhibitors in Patients Who Use Psychoactive Substances: Potential Drug Interactions and Substance Use Disorder Treatment Data","Rached G, Campana A, Fiani D, Nguyen C, Van den Eynde V, Gillman PK, Barnett BS.","CNS Drugs. 2026 Mar;40(3):359-417. doi: 10.1007/s40263-025-01256-7. Epub 2026 Jan 17.","Rached G","CNS Drugs","2026","2026/01/17","","","10.1007/s40263-025-01256-7"
"41451514","The 3D-ASCr scale: A revalidation of the core dimensions of the Altered States of Consciousness Rating Scale 5D(11)-ASC for psychedelic research","Stocker K, Hartmann M, Schmid Y, Vogt SB, Becker AM, Ley L, Straumann I, Arikci D, Klaiber A, Erne L, Vizeli P, Holze F, Liechti ME.","J Psychopharmacol. 2026 May;40(5):850-862. doi: 10.1177/02698811251397328. Epub 2025 Dec 26.","Stocker K","J Psychopharmacol","2026","2025/12/26","PMC13310268","","10.1177/02698811251397328"
"38483940","The therapeutic alliance between study participants and intervention facilitators is associated with acute effects and clinical outcomes in a psilocybin-assisted therapy trial for major depressive disorder","Levin AW, Lancelotta R, Sepeda ND, Gukasyan N, Nayak S, Wagener TL, Barrett FS, Griffiths RR, Davis AK.","PLoS One. 2024 Mar 14;19(3):e0300501. doi: 10.1371/journal.pone.0300501. eCollection 2024.","Levin AW","PLoS One","2024","2024/03/14","PMC10939230","","10.1371/journal.pone.0300501"
"39419768","Moving psychedelic-assisted therapies from promising research into routine clinical practice: Lessons from the field of implementation science","Adams DR, Allen H, Nicol GE, Cabassa LJ.","Transl Behav Med. 2024 Nov 25;14(12):744-752. doi: 10.1093/tbm/ibae053.","Adams DR","Transl Behav Med","2024","2024/10/17","PMC11587814","","10.1093/tbm/ibae053"
"41540686","[Clinical application and mechanistic studies of psychedelics for treatment of depression: progress and future challenges]","Xia K, Gao T.","Nan Fang Yi Ke Da Xue Xue Bao. 2026 Jan 20;46(1):1-5. doi: 10.12122/j.issn.1673-4254.2026.01.01.","Xia K","Nan Fang Yi Ke Da Xue Xue Bao","2026","2026/01/16","PMC12809046","","10.12122/j.issn.1673-4254.2026.01.01"
"42049943","Acute dose-dependent effects of 4-bromo-2,5-dimethoxyphenethylamine (2C-B) compared with 3,4-methylenedioxymethamphetamine (MDMA) and psilocybin in a double-blind, placebo-controlled study in healthy participants","Arikci D, Borgulya J, Straumann I, Vizeli P, Luethi D, Thomann J, Rudin D, Vukalovic I, Eckert A, Liechti ME, Holze F.","Neuropsychopharmacology. 2026 Jul;51(8):1511-1518. doi: 10.1038/s41386-026-02428-9. Epub 2026 Apr 28.","Arikci D","Neuropsychopharmacology","2026","2026/04/28","PMC13291353","","10.1038/s41386-026-02428-9"
"41558304","Insights from the psychedelic experience integration session: Verbatims differentiate 3-month abstinence in alcohol use disorder with depressive symptoms","Garcia Garcia M, Belahda D, Graux C, Serrand C, Igounenc N, Sergent F, Mura T, Luquiens A.","J Affect Disord. 2026 May 1;400:121215. doi: 10.1016/j.jad.2026.121215. Epub 2026 Jan 19.","Garcia Garcia M","J Affect Disord","2026","2026/01/20","","","10.1016/j.jad.2026.121215"
"42414566","CSF galanin and noradrenaline downregulation by psilocybin therapy in major depressive disorder","Paslawski W, Doyon D, Ekman CJ, Yngwe H, Mamula D, Zareba-Paslawska J, Beckman M, Xu ZD, Hökfelt T, Tiger M, Lundberg J, Svenningsson P.","Neuropsychopharmacology. 2026 Sep;51(10):1898-1901. doi: 10.1038/s41386-026-02490-3. Epub 2026 Jul 7.","Paslawski W","Neuropsychopharmacology","2026","2026/07/07","PMC13487249","","10.1038/s41386-026-02490-3"
"38247730","Assessing expectancy and suggestibility in a trial of escitalopram v. psilocybin for depression","Szigeti B, Weiss B, Rosas FE, Erritzoe D, Nutt D, Carhart-Harris R.","Psychol Med. 2024 Jun;54(8):1717-1724. doi: 10.1017/S0033291723003653. Epub 2024 Jan 22.","Szigeti B","Psychol Med","2024","2024/01/22","","","10.1017/S0033291723003653"
"37146908","How does psilocybin therapy work? An exploration of experiential avoidance as a putative mechanism of change","Zeifman RJ, Wagner AC, Monson CM, Carhart-Harris RL.","J Affect Disord. 2023 Aug 1;334:100-112. doi: 10.1016/j.jad.2023.04.105. Epub 2023 May 3.","Zeifman RJ","J Affect Disord","2023","2023/05/05","","","10.1016/j.jad.2023.04.105"
"36193898","A Critical Appraisal of Evidence on the Efficacy and Safety of Serotonergic Psychedelic Drugs as Emerging Antidepressants: Mind the Evidence Gap","Ledwos N, Rosenblat JD, Blumberger DM, Castle DJ, McIntyre RS, Mulsant BH, Husain MI.","J Clin Psychopharmacol. 2022 Nov-Dec 01;42(6):581-588. doi: 10.1097/JCP.0000000000001608. Epub 2022 Oct 3.","Ledwos N","J Clin Psychopharmacol","2022","2022/10/04","","","10.1097/JCP.0000000000001608"
"35964449","Inconsistencies between national drug policy and professional beliefs about psychoactive drugs among psychiatrists in the United States","Levin A, Nagib PB, Deiparine S, Gao T, Mitchell J, Davis AK.","Int J Drug Policy. 2022 Oct;108:103816. doi: 10.1016/j.drugpo.2022.103816. Epub 2022 Aug 11.","Levin A","Int J Drug Policy","2022","2022/08/14","","","10.1016/j.drugpo.2022.103816"
"42517555","Participants' Music Experiences Associated With Psychedelic-Assisted Psychotherapy for Life-Threatening Illness: Interpretivist Research","O'Callaghan C, Kallianis V, Ross M.","J Music Ther. 2026 Jul 24;63(2):thag015. doi: 10.1093/jmt/thag015.","O'Callaghan C","J Music Ther","2026","2026/07/28","","","10.1093/jmt/thag015"
"34613430","Low doses of LSD reduce broadband oscillatory power and modulate event-related potentials in healthy adults","Murray CH, Tare I, Perry CM, Malina M, Lee R, de Wit H.","Psychopharmacology (Berl). 2022 Jun;239(6):1735-1747. doi: 10.1007/s00213-021-05991-9. Epub 2021 Oct 6.","Murray CH","Psychopharmacology (Berl)","2022","2021/10/06","PMC9847217","NIHMS1858969","10.1007/s00213-021-05991-9"
"35580433","The Effects of Psilocybin in Adults with Major Depressive Disorder and the General Population: Findings from Neuroimaging Studies","Gill H, Puramat P, Patel P, Gill B, Marks CA, Rodrigues NB, Castle D, Cha DS, Mansur RB, Rosenblat JD, McIntyre RS.","Psychiatry Res. 2022 Jul;313:114577. doi: 10.1016/j.psychres.2022.114577. Epub 2022 Apr 26.","Gill H","Psychiatry Res","2022","2022/05/17","","","10.1016/j.psychres.2022.114577"
"40138527","Existing evidence for the use of psychedelics in patients with cancer and other serious illness: A narrative review","Bires J.","J Psychosoc Oncol. 2025;43(6):793-807. doi: 10.1080/07347332.2025.2482917. Epub 2025 Mar 26.","Bires J","J Psychosoc Oncol","2025","2025/03/26","","","10.1080/07347332.2025.2482917"
"39499526","Enhanced visual contrast suppression during peak psilocybin effects: Psychophysical results from a pilot randomized controlled trial","Swanson LR, Jungers S, Varghese R, Cullen KR, Evans MD, Nielson JL, Schallmo MP.","J Vis. 2024 Nov 4;24(12):5. doi: 10.1167/jov.24.12.5.","Swanson LR","J Vis","2024","2024/11/05","PMC11540033","","10.1167/jov.24.12.5"
"35939083","The Watts Connectedness Scale: a new scale for measuring a sense of connectedness to self, others, and world","Watts R, Kettner H, Geerts D, Gandy S, Kartner L, Mertens L, Timmermann C, Nour MM, Kaelen M, Nutt D, Carhart-Harris R, Roseman L.","Psychopharmacology (Berl). 2022 Nov;239(11):3461-3483. doi: 10.1007/s00213-022-06187-5. Epub 2022 Aug 8.","Watts R","Psychopharmacology (Berl)","2022","2022/08/08","PMC9358368","","10.1007/s00213-022-06187-5"
